'Dominique','Williams','003630/734-4926','dolor@laoreet.co.uk',61823
'Jemima','Foreman','003620/834-6898','magna@etultrices.net',58324
'Zeph','Massey','003630/216-5351','a.feugiat.tellus@montesnasceturridiculus.co.uk',61349
'Joseph','Crawford','003670/923-2669','lacinia.mattis@arcu.co.uk',12916
'Ifeoma','Bird','003630/465-8994','diam.duis.mi@orcitinciduntadipiscing.com',65603
'Arsenio','Matthews','003620/804-1652','semper.pretium.neque@mauriseu.net',39220
'Jemima','Cantu','003620/423-4261','et.risus.quisque@mollis.co.uk',10384
'Carol','Arnold','003630/179-1827','dapibus.rutrum@litoratorquent.com',70730
'Jane','Forbes','003670/653-5392','janiebaby@adipiscingenimmi.edu',56882
'Ursa','William','003620/496-7064','malesuada@mauriseu.net',91220
